system:index,ALAND,AWATER,BLKGRPCE,COUNTYFP,FUNCSTAT,GEOID,INTPTLAT,INTPTLON,MTFCC,NAMELSAD,STATEFP,TRACTCE,Year,ndvi,.geo
0000000000000000009f,0.0,1.3691932E7,0,025,S,550259917030,+43.0683999,-089.3583464,G5030,Block Group 0,55,991703,2022,0.47457069473884783,"{""type"":""MultiPoint"",""coordinates"":[]}"
000000000000000000a7,0.0,4.0013608E7,0,025,S,550259917020,+43.1054033,-089.4198176,G5030,Block Group 0,55,991702,2022,0.6277110735675451,"{""type"":""MultiPoint"",""coordinates"":[]}"
00000000000000000005,2265425.0,33845.0,1,025,S,550250111031,+43.1139793,-089.4800525,G5030,Block Group 1,55,011103,2022,0.7065197600392179,"{""type"":""MultiPoint"",""coordinates"":[]}"
0000000000000000000f,94448.0,0.0,1,025,S,550250017071,+43.0800479,-089.3829030,G5030,Block Group 1,55,001707,2022,0.5448518113121263,"{""type"":""MultiPoint"",""coordinates"":[]}"
00000000000000000013,66557.0,0.0,1,025,S,550250017041,+43.0709102,-089.3865729,G5030,Block Group 1,55,001704,2022,0.2982884836402472,"{""type"":""MultiPoint"",""coordinates"":[]}"
00000000000000000014,327605.0,0.0,1,025,S,550250017061,+43.0742817,-089.3797659,G5030,Block Group 1,55,001706,2022,0.2887522730655779,"{""type"":""MultiPoint"",""coordinates"":[]}"
00000000000000000015,2.6372143E7,0.0,1,025,S,550250128001,+42.9955498,-089.7066594,G5030,Block Group 1,55,012800,2022,0.7620837943287531,"{""type"":""MultiPoint"",""coordinates"":[]}"
00000000000000000017,339291.0,0.0,1,025,S,550250019011,+43.0786299,-089.3734243,G5030,Block Group 1,55,001901,2022,0.2641077362446026,"{""type"":""MultiPoint"",""coordinates"":[]}"
0000000000000000001a,3775403.0,19595.0,1,025,S,550250105031,+43.0229595,-089.2609561,G5030,Block Group 1,55,010503,2022,0.7171288892006666,"{""type"":""MultiPoint"",""coordinates"":[]}"
00000000000000000020,1880769.0,0.0,1,025,S,550250105041,+43.0199478,-089.2965810,G5030,Block Group 1,55,010504,2022,0.62562304805843,"{""type"":""MultiPoint"",""coordinates"":[]}"
00000000000000000023,1.563707E7,1422757.0,1,025,S,550250112011,+43.1639294,-089.3513014,G5030,Block Group 1,55,011201,2022,0.6807490719269214,"{""type"":""MultiPoint"",""coordinates"":[]}"
00000000000000000028,3.454924E7,61886.0,1,025,S,550250109071,+42.9959715,-089.5900046,G5030,Block Group 1,55,010907,2022,0.7764358726339029,"{""type"":""MultiPoint"",""coordinates"":[]}"
0000000000000000002a,812786.0,0.0,1,025,S,550250003021,+43.0656273,-089.4568602,G5030,Block Group 1,55,000302,2022,0.6583192418566816,"{""type"":""MultiPoint"",""coordinates"":[]}"
0000000000000000002d,329158.0,0.0,1,025,S,550250019021,+43.0892313,-089.3536302,G5030,Block Group 1,55,001902,2022,0.49977277702666595,"{""type"":""MultiPoint"",""coordinates"":[]}"
0000000000000000002f,2015053.0,0.0,1,025,S,550250115081,+43.2020941,-089.2187592,G5030,Block Group 1,55,011508,2022,0.6435266539187735,"{""type"":""MultiPoint"",""coordinates"":[]}"
00000000000000000031,1129551.0,0.0,1,025,S,550250005061,+43.0230608,-089.4823550,G5030,Block Group 1,55,000506,2022,0.5952212218516754,"{""type"":""MultiPoint"",""coordinates"":[]}"
00000000000000000034,1072053.0,600.0,1,025,S,550250004101,+43.0543220,-089.5066088,G5030,Block Group 1,55,000410,2022,0.2874179460291593,"{""type"":""MultiPoint"",""coordinates"":[]}"
0000000000000000003d,2.3354878E7,440.0,1,025,S,550250109081,+43.1090034,-089.5559541,G5030,Block Group 1,55,010908,2022,0.6979959027864048,"{""type"":""MultiPoint"",""coordinates"":[]}"
00000000000000000041,3613219.0,3964.0,1,025,S,550250132021,+43.2211958,-089.3470263,G5030,Block Group 1,55,013202,2022,0.6591336743622291,"{""type"":""MultiPoint"",""coordinates"":[]}"
00000000000000000043,2.9668534E7,77810.0,1,025,S,550250107021,+42.9682504,-089.4575905,G5030,Block Group 1,55,010702,2022,0.7690820871175935,"{""type"":""MultiPoint"",""coordinates"":[]}"
00000000000000000045,2051662.0,0.0,1,025,S,550250114031,+43.0914573,-089.2570159,G5030,Block Group 1,55,011403,2022,0.680288374523535,"{""type"":""MultiPoint"",""coordinates"":[]}"
0000000000000000004a,1918470.0,0.0,1,025,S,550250108021,+42.9956847,-089.5425352,G5030,Block Group 1,55,010802,2022,0.579489946124225,"{""type"":""MultiPoint"",""coordinates"":[]}"
0000000000000000004e,1415207.0,6809.0,1,025,S,550250109051,+43.0642850,-089.5332224,G5030,Block Group 1,55,010905,2022,0.5538529076030537,"{""type"":""MultiPoint"",""coordinates"":[]}"
00000000000000000051,2609344.0,0.0,1,025,S,550250115071,+43.2014195,-089.2345351,G5030,Block Group 1,55,011507,2022,0.6935121892121872,"{""type"":""MultiPoint"",""coordinates"":[]}"
00000000000000000052,6305028.0,0.0,1,025,S,550250114051,+43.1553595,-089.2904842,G5030,Block Group 1,55,011405,2022,0.6156048462641498,"{""type"":""MultiPoint"",""coordinates"":[]}"
00000000000000000059,3.8529134E7,115005.0,1,025,S,550250112021,+43.1844526,-089.5171332,G5030,Block Group 1,55,011202,2022,0.7978301978161582,"{""type"":""MultiPoint"",""coordinates"":[]}"
0000000000000000005b,4502845.0,0.0,1,025,S,550250109061,+43.0674758,-089.5543003,G5030,Block Group 1,55,010906,2022,0.7049700400176774,"{""type"":""MultiPoint"",""coordinates"":[]}"
0000000000000000005e,995077.0,696.0,1,025,S,550250108011,+43.0089796,-089.5054536,G5030,Block Group 1,55,010801,2022,0.5340786099451147,"{""type"":""MultiPoint"",""coordinates"":[]}"
00000000000000000062,355521.0,0.0,1,025,S,550250004091,+43.0467138,-089.5072896,G5030,Block Group 1,55,000409,2022,0.5867096788926487,"{""type"":""MultiPoint"",""coordinates"":[]}"
00000000000000000066,9.3191563E7,437434.0,1,025,S,550250132011,+43.2405970,-089.5523324,G5030,Block Group 1,55,013201,2022,0.8117017671547991,"{""type"":""MultiPoint"",""coordinates"":[]}"
00000000000000000067,715627.0,0.0,1,025,S,550250005051,+43.0270908,-089.4934216,G5030,Block Group 1,55,000505,2022,0.6570503413488175,"{""type"":""MultiPoint"",""coordinates"":[]}"
0000000000000000006d,1.5520305E7,56815.0,1,025,S,550250114071,+43.0579078,-089.2633050,G5030,Block Group 1,55,011407,2022,0.7384163895515897,"{""type"":""MultiPoint"",""coordinates"":[]}"
0000000000000000006e,3788113.0,7501.0,1,025,S,550250014051,+43.0112806,-089.4093098,G5030,Block Group 1,55,001405,2022,0.6854682859770488,"{""type"":""MultiPoint"",""coordinates"":[]}"
00000000000000000070,2143395.0,8875.0,1,025,S,550250014041,+43.0210566,-089.4400455,G5030,Block Group 1,55,001404,2022,0.634334742611232,"{""type"":""MultiPoint"",""coordinates"":[]}"
00000000000000000075,4109743.0,80394.0,1,025,S,550250111041,+43.1306708,-089.5072153,G5030,Block Group 1,55,011104,2022,0.7104825956726301,"{""type"":""MultiPoint"",""coordinates"":[]}"
0000000000000000007c,1301422.0,0.0,1,025,S,550250026031,+43.1099772,-089.3059598,G5030,Block Group 1,55,002603,2022,0.5649995396124079,"{""type"":""MultiPoint"",""coordinates"":[]}"
0000000000000000007f,2291507.0,0.0,1,025,S,550250114061,+43.0953777,-089.2739721,G5030,Block Group 1,55,011406,2022,0.5767053784490014,"{""type"":""MultiPoint"",""coordinates"":[]}"
00000000000000000081,2211275.0,0.0,1,025,S,550250114041,+43.1710330,-089.2757941,G5030,Block Group 1,55,011404,2022,0.572377622217324,"{""type"":""MultiPoint"",""coordinates"":[]}"
00000000000000000084,349769.0,0.0,1,025,S,550250003011,+43.0726353,-089.4604777,G5030,Block Group 1,55,000301,2022,0.4424565428903401,"{""type"":""MultiPoint"",""coordinates"":[]}"
00000000000000000087,4839924.0,0.0,1,025,S,550250120031,+43.0996558,-089.2234941,G5030,Block Group 1,55,012003,2022,0.687215599769827,"{""type"":""MultiPoint"",""coordinates"":[]}"
00000000000000000089,1.2373269E7,19365.0,1,025,S,550250120041,+43.0884693,-089.1754883,G5030,Block Group 1,55,012004,2022,0.734570211496044,"{""type"":""MultiPoint"",""coordinates"":[]}"
0000000000000000008f,1849504.0,0.0,1,025,S,550250115041,+43.1906083,-089.2482047,G5030,Block Group 1,55,011504,2022,0.6392907730506174,"{""type"":""MultiPoint"",""coordinates"":[]}"
00000000000000000090,3469350.0,0.0,1,025,S,550250125011,+42.9077317,-089.3807753,G5030,Block Group 1,55,012501,2022,0.6523761103142042,"{""type"":""MultiPoint"",""coordinates"":[]}"
00000000000000000091,1.2505998E7,0.0,1,025,S,550250133011,+43.2478779,-089.3162327,G5030,Block Group 1,55,013301,2022,0.7461687338745825,"{""type"":""MultiPoint"",""coordinates"":[]}"
00000000000000000092,4326828.0,186901.0,1,025,S,550250133021,+43.2548124,-089.3573555,G5030,Block Group 1,55,013302,2022,0.7265406494908101,"{""type"":""MultiPoint"",""coordinates"":[]}"
00000000000000000093,2428535.0,2268.0,1,025,S,550250122021,+42.9358721,-089.2447550,G5030,Block Group 1,55,012202,2022,0.6824058076109514,"{""type"":""MultiPoint"",""coordinates"":[]}"
00000000000000000096,50438.0,0.0,1,025,S,550250016061,+43.0719107,-089.3935190,G5030,Block Group 1,55,001606,2022,0.32782150359262574,"{""type"":""MultiPoint"",""coordinates"":[]}"
00000000000000000098,69100.0,0.0,1,025,S,550250016041,+43.0754186,-089.3936677,G5030,Block Group 1,55,001604,2022,0.29357718621070156,"{""type"":""MultiPoint"",""coordinates"":[]}"
0000000000000000009a,2.1841631E7,5524.0,1,025,S,550250130001,+43.1380320,-089.6412619,G5030,Block Group 1,55,013000,2022,0.7720491456718324,"{""type"":""MultiPoint"",""coordinates"":[]}"
000000000000000000a0,522519.0,0.0,1,025,S,550250022001,+43.1256054,-089.3597430,G5030,Block Group 1,55,002200,2022,0.5364974224477449,"{""type"":""MultiPoint"",""coordinates"":[]}"
000000000000000000a2,1368720.0,0.0,1,025,S,550250002021,+43.0715386,-089.4926500,G5030,Block Group 1,55,000202,2022,0.6933206512328206,"{""type"":""MultiPoint"",""coordinates"":[]}"
000000000000000000a3,6.6113855E7,747628.0,1,025,S,550250121001,+42.8789552,-089.1855317,G5030,Block Group 1,55,012100,2022,0.8151085553201247,"{""type"":""MultiPoint"",""coordinates"":[]}"
000000000000000000a5,1.9529928E7,8459407.0,1,025,S,550250106001,+43.0108125,-089.3553680,G5030,Block Group 1,55,010600,2022,0.7741133730136599,"{""type"":""MultiPoint"",""coordinates"":[]}"
000000000000000000a6,1025098.0,0.0,1,025,S,550250115051,+43.1911172,-089.2192063,G5030,Block Group 1,55,011505,2022,0.5911770447242137,"{""type"":""MultiPoint"",""coordinates"":[]}"
000000000000000000ab,2.0464726E7,1795685.0,1,025,S,550250131001,+43.2028837,-089.8148415,G5030,Block Group 1,55,013100,2022,0.7799915806587916,"{""type"":""MultiPoint"",""coordinates"":[]}"
000000000000000000ae,779868.0,0.0,1,025,S,550250104001,+43.0586227,-089.3316146,G5030,Block Group 1,55,010400,2022,0.6137228535720063,"{""type"":""MultiPoint"",""coordinates"":[]}"
000000000000000000b0,2.731302E7,0.0,1,025,S,550250120021,+43.0145207,-089.1743398,G5030,Block Group 1,55,012002,2022,0.7958759496500695,"{""type"":""MultiPoint"",""coordinates"":[]}"
000000000000000000b3,7.4099129E7,21124.0,1,025,S,550250117001,+43.2441794,-089.1753233,G5030,Block Group 1,55,011700,2022,0.8059978646904413,"{""type"":""MultiPoint"",""coordinates"":[]}"
000000000000000000b5,685860.0,0.0,1,025,S,550250015011,+43.0467098,-089.3570843,G5030,Block Group 1,55,001501,2022,0.6545316284352746,"{""type"":""MultiPoint"",""coordinates"":[]}"
000000000000000000b7,6.6361875E7,289453.0,1,025,S,550250124001,+42.8827636,-089.4374520,G5030,Block Group 1,55,012400,2022,0.7880696823616397,"{""type"":""MultiPoint"",""coordinates"":[]}"
000000000000000000b9,1071903.0,0.0,1,025,S,550250013001,+43.0544707,-089.3887949,G5030,Block Group 1,55,001300,2022,0.5508001723989433,"{""type"":""MultiPoint"",""coordinates"":[]}"
000000000000000000ba,539672.0,1991.0,1,025,S,550250014011,+43.0428048,-089.3903858,G5030,Block Group 1,55,001401,2022,0.5304256461475757,"{""type"":""MultiPoint"",""coordinates"":[]}"
000000000000000000c0,827608.0,3604.0,1,025,S,550250015021,+43.0351913,-089.3834728,G5030,Block Group 1,55,001502,2022,0.4849563702076157,"{""type"":""MultiPoint"",""coordinates"":[]}"
000000000000000000c3,607898.0,1617.0,1,025,S,550250020001,+43.1040466,-089.3349658,G5030,Block Group 1,55,002000,2022,0.5324009346420456,"{""type"":""MultiPoint"",""coordinates"":[]}"
000000000000000000c7,1182995.0,308.0,1,025,S,550250021001,+43.1096300,-089.3526747,G5030,Block Group 1,55,002100,2022,0.4805584540566035,"{""type"":""MultiPoint"",""coordinates"":[]}"
000000000000000000cb,805008.0,0.0,1,025,S,550250023011,+43.1375008,-089.3820270,G5030,Block Group 1,55,002301,2022,0.638885163587666,"{""type"":""MultiPoint"",""coordinates"":[]}"
000000000000000000cd,618845.0,0.0,1,025,S,550250024011,+43.1443550,-089.3779603,G5030,Block Group 1,55,002401,2022,0.6620558646009963,"{""type"":""MultiPoint"",""coordinates"":[]}"
000000000000000000d0,814954.0,6933.0,1,025,S,550250026011,+43.1119478,-089.3222936,G5030,Block Group 1,55,002601,2022,0.5159320974587647,"{""type"":""MultiPoint"",""coordinates"":[]}"
000000000000000000d2,783289.0,0.0,1,025,S,550250030011,+43.0954745,-089.2917742,G5030,Block Group 1,55,003001,2022,0.6842214769214461,"{""type"":""MultiPoint"",""coordinates"":[]}"
000000000000000000d6,817001.0,0.0,1,025,S,550250030021,+43.1018247,-089.2939416,G5030,Block Group 1,55,003002,2022,0.6509758015380529,"{""type"":""MultiPoint"",""coordinates"":[]}"
000000000000000000d8,773290.0,0.0,1,025,S,550250031001,+43.0811027,-089.2963669,G5030,Block Group 1,55,003100,2022,0.6588434456813232,"{""type"":""MultiPoint"",""coordinates"":[]}"
000000000000000000da,3471972.0,0.0,1,025,S,550250115061,+43.1639989,-089.2534742,G5030,Block Group 1,55,011506,2022,0.6012575097137683,"{""type"":""MultiPoint"",""coordinates"":[]}"
000000000000000000dc,9301573.0,33039.0,1,025,S,550250116001,+43.2163245,-089.1983412,G5030,Block Group 1,55,011600,2022,0.7060226413962875,"{""type"":""MultiPoint"",""coordinates"":[]}"
000000000000000000de,3.5620339E7,60390.0,1,025,S,550250119001,+43.0722891,-089.0991031,G5030,Block Group 1,55,011900,2022,0.7937684635324438,"{""type"":""MultiPoint"",""coordinates"":[]}"
000000000000000000e1,1.0132759E7,615837.0,1,025,S,550250122011,+42.9275078,-089.1942303,G5030,Block Group 1,55,012201,2022,0.7294131183461975,"{""type"":""MultiPoint"",""coordinates"":[]}"
000000000000000000e4,9526960.0,252387.0,1,025,S,550250123001,+42.8952645,-089.2394837,G5030,Block Group 1,55,012300,2022,0.7682606158778966,"{""type"":""MultiPoint"",""coordinates"":[]}"
000000000000000000ec,1392472.0,2961.0,1,025,S,550250110001,+43.0919938,-089.4977179,G5030,Block Group 1,55,011000,2022,0.5666467633793757,"{""type"":""MultiPoint"",""coordinates"":[]}"
000000000000000000ed,4003871.0,0.0,1,025,S,550250113011,+43.1841432,-089.4774579,G5030,Block Group 1,55,011301,2022,0.7050181763108841,"{""type"":""MultiPoint"",""coordinates"":[]}"
000000000000000000ee,1598072.0,0.0,1,025,S,550250113021,+43.1804488,-089.4491942,G5030,Block Group 1,55,011302,2022,0.6223997018361832,"{""type"":""MultiPoint"",""coordinates"":[]}"
000000000000000000f0,72925.0,0.0,1,025,S,550250016031,+43.0726171,-089.3972200,G5030,Block Group 1,55,001603,2022,0.25911650678410836,"{""type"":""MultiPoint"",""coordinates"":[]}"
000000000000000000f1,128189.0,0.0,1,025,S,550250016051,+43.0688942,-089.3903356,G5030,Block Group 1,55,001605,2022,0.3409148982186723,"{""type"":""MultiPoint"",""coordinates"":[]}"
000000000000000000f2,1.0926846E7,116335.0,1,025,S,550250137001,+42.9783816,-089.5634776,G5030,Block Group 1,55,013700,2022,0.6986817054869533,"{""type"":""MultiPoint"",""coordinates"":[]}"
000000000000000000f4,2563570.0,25103.0,1,025,S,550250004081,+43.0578771,-089.4854465,G5030,Block Group 1,55,000408,2022,0.418087124007177,"{""type"":""MultiPoint"",""coordinates"":[]}"
000000000000000000f5,1936885.0,0.0,1,025,S,550250004061,+43.0386708,-089.5255205,G5030,Block Group 1,55,000406,2022,0.6599670381306498,"{""type"":""MultiPoint"",""coordinates"":[]}"
000000000000000000f7,1894134.0,0.0,1,025,S,550250109031,+43.0374719,-089.5406553,G5030,Block Group 1,55,010903,2022,0.6108103872310865,"{""type"":""MultiPoint"",""coordinates"":[]}"
000000000000000000f9,2481766.0,4690.0,1,025,S,550250107011,+43.0083010,-089.4514029,G5030,Block Group 1,55,010701,2022,0.6254896419090457,"{""type"":""MultiPoint"",""coordinates"":[]}"
000000000000000000fa,599339.0,0.0,1,025,S,550250011021,+43.0755596,-089.4054705,G5030,Block Group 1,55,001102,2022,0.4295242126861604,"{""type"":""MultiPoint"",""coordinates"":[]}"
000000000000000000fb,60201.0,0.0,1,025,S,550250011011,+43.0683663,-089.4080895,G5030,Block Group 1,55,001101,2022,0.3106421892518739,"{""type"":""MultiPoint"",""coordinates"":[]}"
000000000000000000ff,1.5051491E7,320062.0,1,025,S,550250125021,+42.9530767,-089.3998879,G5030,Block Group 1,55,012502,2022,0.7825750235340846,"{""type"":""MultiPoint"",""coordinates"":[]}"
00000000000000000100,3283393.0,0.0,1,025,S,550250105011,+43.0345052,-089.2766066,G5030,Block Group 1,55,010501,2022,0.6561267314569381,"{""type"":""MultiPoint"",""coordinates"":[]}"
00000000000000000106,3817141.0,0.0,1,025,S,550250026021,+43.1394584,-089.3172745,G5030,Block Group 1,55,002602,2022,0.7054144367148041,"{""type"":""MultiPoint"",""coordinates"":[]}"
0000000000000000010b,2365237.0,57729.0,1,025,S,550250032001,+43.0812626,-089.4325544,G5030,Block Group 1,55,003200,2022,0.6238887294139909,"{""type"":""MultiPoint"",""coordinates"":[]}"
0000000000000000010c,628204.0,0.0,1,025,S,550250101001,+43.0790778,-089.4405815,G5030,Block Group 1,55,010100,2022,0.6443198417366112,"{""type"":""MultiPoint"",""coordinates"":[]}"
0000000000000000010e,1810371.0,3967.0,1,025,S,550250102001,+43.1173985,-089.3710499,G5030,Block Group 1,55,010200,2022,0.70615215655928,"{""type"":""MultiPoint"",""coordinates"":[]}"
0000000000000000010f,1338207.0,16710.0,1,025,S,550250103001,+43.0653307,-089.3402702,G5030,Block Group 1,55,010300,2022,0.6640169852137625,"{""type"":""MultiPoint"",""coordinates"":[]}"
00000000000000000112,5.1699949E7,450052.0,1,025,S,550250118001,+43.2194130,-089.0224335,G5030,Block Group 1,55,011800,2022,0.8047753036562124,"{""type"":""MultiPoint"",""coordinates"":[]}"
00000000000000000114,1.47002322E8,12345.0,1,025,S,550250127001,+43.0445118,-089.7883053,G5030,Block Group 1,55,012700,2022,0.7900489710257322,"{""type"":""MultiPoint"",""coordinates"":[]}"
00000000000000000115,6.2638799E7,3968809.0,1,025,S,550250129001,+43.2555244,-089.6510963,G5030,Block Group 1,55,012900,2022,0.7994738487197625,"{""type"":""MultiPoint"",""coordinates"":[]}"
0000000000000000011c,795794.0,0.0,1,025,S,550250111011,+43.1064084,-089.5040316,G5030,Block Group 1,55,011101,2022,0.5709562781644392,"{""type"":""MultiPoint"",""coordinates"":[]}"
00000000000000000122,445513.0,49227.0,1,025,S,550250018021,+43.0902917,-089.3726595,G5030,Block Group 1,55,001802,2022,0.5829524180297279,"{""type"":""MultiPoint"",""coordinates"":[]}"
00000000000000000123,345695.0,0.0,1,025,S,550250018041,+43.0962783,-089.3659531,G5030,Block Group 1,55,001804,2022,0.5246356343643049,"{""type"":""MultiPoint"",""coordinates"":[]}"
00000000000000000124,1325485.0,0.0,1,025,S,550250024021,+43.1379810,-089.3590670,G5030,Block Group 1,55,002402,2022,0.6667411193668003,"{""type"":""MultiPoint"",""coordinates"":[]}"
00000000000000000127,1253455.0,2963.0,1,025,S,550250029001,+43.0660857,-089.3206349,G5030,Block Group 1,55,002900,2022,0.6227270828920785,"{""type"":""MultiPoint"",""coordinates"":[]}"
0000000000000000012c,5351238.0,1520166.0,1,025,S,550250014021,+43.0468143,-089.4193614,G5030,Block Group 1,55,001402,2022,0.6728320428166102,"{""type"":""MultiPoint"",""coordinates"":[]}"
0000000000000000012f,1.72731826E8,14143.0,1,025,S,550250126001,+42.9070672,-089.7433404,G5030,Block Group 1,55,012600,2022,0.7909005125189588,"{""type"":""MultiPoint"",""coordinates"":[]}"
00000000000000000130,201541.0,0.0,1,025,S,550250009021,+43.0714461,-089.4157513,G5030,Block Group 1,55,000902,2022,0.48184614023123457,"{""type"":""MultiPoint"",""coordinates"":[]}"
00000000000000000137,3254428.0,0.0,1,025,S,550250023021,+43.1376482,-089.4003515,G5030,Block Group 1,55,002302,2022,0.7010633633139038,"{""type"":""MultiPoint"",""coordinates"":[]}"
00000000000000000138,1205809.0,0.0,1,025,S,550250004011,+43.0550833,-089.4457665,G5030,Block Group 1,55,000401,2022,0.6359307649176873,"{""type"":""MultiPoint"",""coordinates"":[]}"
00000000000000000139,582962.0,0.0,1,025,S,550250004071,+43.0356540,-089.4931419,G5030,Block Group 1,55,000407,2022,0.6309309472562528,"{""type"":""MultiPoint"",""coordinates"":[]}"
0000000000000000013a,710716.0,0.0,1,025,S,550250027001,+43.0926530,-089.3178841,G5030,Block Group 1,55,002700,2022,0.5709780780053479,"{""type"":""MultiPoint"",""coordinates"":[]}"
0000000000000000013d,1012661.0,0.0,1,025,S,550250028001,+43.0793979,-089.3163408,G5030,Block Group 1,55,002800,2022,0.637076938449475,"{""type"":""MultiPoint"",""coordinates"":[]}"
0000000000000000013e,1030969.0,0.0,1,025,S,550250001001,+43.0871407,-089.4797499,G5030,Block Group 1,55,000100,2022,0.6409494009032243,"{""type"":""MultiPoint"",""coordinates"":[]}"
0000000000000000013f,1064530.0,3089.0,1,025,S,550250002011,+43.0686807,-089.4740797,G5030,Block Group 1,55,000201,2022,0.6573178760330841,"{""type"":""MultiPoint"",""coordinates"":[]}"
00000000000000000142,829471.0,0.0,1,025,S,550250002041,+43.0686361,-089.5056537,G5030,Block Group 1,55,000204,2022,0.5591560191034154,"{""type"":""MultiPoint"",""coordinates"":[]}"
00000000000000000143,1055893.0,22849.0,1,025,S,550250002051,+43.0841375,-089.5158380,G5030,Block Group 1,55,000205,2022,0.6499953453286971,"{""type"":""MultiPoint"",""coordinates"":[]}"
00000000000000000144,8774637.0,0.0,1,025,S,550250025001,+43.1357510,-089.3386398,G5030,Block Group 1,55,002500,2022,0.5396697355950905,"{""type"":""MultiPoint"",""coordinates"":[]}"
00000000000000000145,1085452.0,0.0,1,025,S,550250004021,+43.0571847,-089.4643723,G5030,Block Group 1,55,000402,2022,0.5706326296539945,"{""type"":""MultiPoint"",""coordinates"":[]}"
0000000000000000014a,1441714.0,4385.0,1,025,S,550250005011,+43.0365429,-089.4668655,G5030,Block Group 1,55,000501,2022,0.6249709347606415,"{""type"":""MultiPoint"",""coordinates"":[]}"
0000000000000000014e,692136.0,0.0,1,025,S,550250005041,+43.0278015,-089.5020568,G5030,Block Group 1,55,000504,2022,0.6281967362409022,"{""type"":""MultiPoint"",""coordinates"":[]}"
0000000000000000014f,515650.0,7003.0,1,025,S,550250006001,+43.0273253,-089.4540581,G5030,Block Group 1,55,000600,2022,0.5967946558202115,"{""type"":""MultiPoint"",""coordinates"":[]}"
00000000000000000152,454999.0,0.0,1,025,S,550250007001,+43.0481139,-089.4430425,G5030,Block Group 1,55,000700,2022,0.6878852964813308,"{""type"":""MultiPoint"",""coordinates"":[]}"
00000000000000000155,427742.0,0.0,1,025,S,550250008001,+43.0727568,-089.4419104,G5030,Block Group 1,55,000800,2022,0.599739543352547,"{""type"":""MultiPoint"",""coordinates"":[]}"
00000000000000000158,375396.0,0.0,1,025,S,550250009011,+43.0658441,-089.4242391,G5030,Block Group 1,55,000901,2022,0.6307098752421151,"{""type"":""MultiPoint"",""coordinates"":[]}"
0000000000000000015c,1206449.0,0.0,1,025,S,550250010001,+43.0599489,-089.4291237,G5030,Block Group 1,55,001000,2022,0.6873002805133126,"{""type"":""MultiPoint"",""coordinates"":[]}"
0000000000000000015e,345113.0,0.0,1,025,S,550250012001,+43.0646117,-089.3972172,G5030,Block Group 1,55,001200,2022,0.51059794033515,"{""type"":""MultiPoint"",""coordinates"":[]}"
00000000000000000000,1.1798891E7,2893.0,2,025,S,550250107022,+42.9941565,-089.4047029,G5030,Block Group 2,55,010702,2022,0.731518798867687,"{""type"":""MultiPoint"",""coordinates"":[]}"
00000000000000000002,967952.0,0.0,2,025,S,550250026022,+43.1310986,-089.3099658,G5030,Block Group 2,55,002602,2022,0.5723657105895785,"{""type"":""MultiPoint"",""coordinates"":[]}"
0000000000000000000a,5.0452065E7,73767.0,2,025,S,550250118002,+43.1386063,-089.0833435,G5030,Block Group 2,55,011800,2022,0.8072003157116776,"{""type"":""MultiPoint"",""coordinates"":[]}"
0000000000000000000d,318972.0,234.0,2,025,S,550250111032,+43.1081829,-089.4760102,G5030,Block Group 2,55,011103,2022,0.5786638459385985,"{""type"":""MultiPoint"",""coordinates"":[]}"
00000000000000000010,88115.0,0.0,2,025,S,550250017072,+43.0779579,-089.3817717,G5030,Block Group 2,55,001707,2022,0.3544382491080177,"{""type"":""MultiPoint"",""coordinates"":[]}"
00000000000000000018,4296489.0,43131.0,2,025,S,550250014052,+43.0229531,-089.4040530,G5030,Block Group 2,55,001405,2022,0.6080636611051203,"{""type"":""MultiPoint"",""coordinates"":[]}"
0000000000000000001e,100357.0,0.0,2,025,S,550250011012,+43.0688557,-089.4032303,G5030,Block Group 2,55,001101,2022,0.30187825563928833,"{""type"":""MultiPoint"",""coordinates"":[]}"
0000000000000000001f,589563.0,12194.0,2,025,S,550250014042,+43.0246139,-089.4208319,G5030,Block Group 2,55,001404,2022,0.5978641343182499,"{""type"":""MultiPoint"",""coordinates"":[]}"
00000000000000000021,8.3938392E7,756211.0,2,025,S,550250132012,+43.2574959,-089.4118940,G5030,Block Group 2,55,013201,2022,0.8030106761179182,"{""type"":""MultiPoint"",""coordinates"":[]}"
00000000000000000022,7459132.0,82584.0,2,025,S,550250132022,+43.2089325,-089.3420971,G5030,Block Group 2,55,013202,2022,0.6200499955614674,"{""type"":""MultiPoint"",""coordinates"":[]}"
00000000000000000025,2329854.0,7529.0,2,025,S,550250111042,+43.1262836,-089.4965057,G5030,Block Group 2,55,011104,2022,0.7034815187798131,"{""type"":""MultiPoint"",""coordinates"":[]}"
00000000000000000027,8371017.0,7227.0,2,025,S,550250108022,+43.0048280,-089.5524066,G5030,Block Group 2,55,010802,2022,0.6425117510280183,"{""type"":""MultiPoint"",""coordinates"":[]}"
00000000000000000029,4206459.0,0.0,2,025,S,550250114052,+43.1422703,-089.2797206,G5030,Block Group 2,55,011405,2022,0.5789980555668618,"{""type"":""MultiPoint"",""coordinates"":[]}"
0000000000000000002b,365374.0,0.0,2,025,S,550250019022,+43.0930449,-089.3553884,G5030,Block Group 2,55,001902,2022,0.4662113693666298,"{""type"":""MultiPoint"",""coordinates"":[]}"
0000000000000000002c,295204.0,9634.0,2,025,S,550250019012,+43.0835044,-089.3595081,G5030,Block Group 2,55,001901,2022,0.5787449553314908,"{""type"":""MultiPoint"",""coordinates"":[]}"
0000000000000000002e,2606149.0,8553.0,2,025,S,550250109032,+43.0414671,-089.5534705,G5030,Block Group 2,55,010903,2022,0.6612086899560866,"{""type"":""MultiPoint"",""coordinates"":[]}"
00000000000000000030,336879.0,0.0,2,025,S,550250003012,+43.0720746,-089.4539033,G5030,Block Group 2,55,000301,2022,0.3130981204489526,"{""type"":""MultiPoint"",""coordinates"":[]}"
00000000000000000033,4.316996E7,426609.0,2,025,S,550250109082,+43.1619195,-089.5692831,G5030,Block Group 2,55,010908,2022,0.800252909439932,"{""type"":""MultiPoint"",""coordinates"":[]}"
00000000000000000035,617725.0,0.0,2,025,S,550250003022,+43.0637507,-089.4658141,G5030,Block Group 2,55,000302,2022,0.6455258739127759,"{""type"":""MultiPoint"",""coordinates"":[]}"
00000000000000000036,205187.0,0.0,2,025,S,550250018042,+43.0839842,-089.3738408,G5030,Block Group 2,55,001804,2022,0.42550473695519786,"{""type"":""MultiPoint"",""coordinates"":[]}"
00000000000000000038,60956.0,0.0,2,025,S,550250016042,+43.0766169,-089.3950202,G5030,Block Group 2,55,001604,2022,0.30671478163645066,"{""type"":""MultiPoint"",""coordinates"":[]}"
00000000000000000039,117805.0,0.0,2,025,S,550250017062,+43.0789881,-089.3871476,G5030,Block Group 2,55,001706,2022,0.44183546955194686,"{""type"":""MultiPoint"",""coordinates"":[]}"
00000000000000000040,2.590553E7,602837.0,2,025,S,550250112012,+43.1862014,-089.3913839,G5030,Block Group 2,55,011201,2022,0.7878140710790716,"{""type"":""MultiPoint"",""coordinates"":[]}"
00000000000000000042,1.3816019E7,15743.0,2,025,S,550250109072,+43.0884359,-089.5799858,G5030,Block Group 2,55,010907,2022,0.7048511200198797,"{""type"":""MultiPoint"",""coordinates"":[]}"
00000000000000000044,1177694.0,0.0,2,025,S,550250114032,+43.1004506,-089.2571707,G5030,Block Group 2,55,011403,2022,0.6310357480640184,"{""type"":""MultiPoint"",""coordinates"":[]}"
00000000000000000049,958995.0,0.0,2,025,S,550250114062,+43.0921561,-089.2815835,G5030,Block Group 2,55,011406,2022,0.5150680422763657,"{""type"":""MultiPoint"",""coordinates"":[]}"
0000000000000000004b,5606734.0,57847.0,2,025,S,550250137002,+42.9574157,-089.5319436,G5030,Block Group 2,55,013700,2022,0.6825196525563113,"{""type"":""MultiPoint"",""coordinates"":[]}"
0000000000000000004d,6965186.0,0.0,2,025,S,550250116002,+43.1720699,-089.2101493,G5030,Block Group 2,55,011600,2022,0.7118117883181382,"{""type"":""MultiPoint"",""coordinates"":[]}"
0000000000000000004f,8907788.0,0.0,2,025,S,550250113012,+43.2049879,-089.4332314,G5030,Block Group 2,55,011301,2022,0.7777741790973768,"{""type"":""MultiPoint"",""coordinates"":[]}"
00000000000000000053,1.1464137E7,140613.0,2,025,S,550250112022,+43.1449841,-089.4542575,G5030,Block Group 2,55,011202,2022,0.7898827726404729,"{""type"":""MultiPoint"",""coordinates"":[]}"
00000000000000000054,1268298.0,0.0,2,025,S,550250004062,+43.0520916,-089.5236816,G5030,Block Group 2,55,000406,2022,0.5255848654735568,"{""type"":""MultiPoint"",""coordinates"":[]}"
00000000000000000056,3068886.0,0.0,2,025,S,550250115072,+43.2010505,-089.2526851,G5030,Block Group 2,55,011507,2022,0.6513063085865486,"{""type"":""MultiPoint"",""coordinates"":[]}"
00000000000000000058,2429550.0,4166.0,2,025,S,550250109052,+43.0817793,-089.5300122,G5030,Block Group 2,55,010905,2022,0.4577015368052625,"{""type"":""MultiPoint"",""coordinates"":[]}"
0000000000000000005a,6915117.0,0.0,2,025,S,550250115082,+43.2168786,-089.2374362,G5030,Block Group 2,55,011508,2022,0.741004289007407,"{""type"":""MultiPoint"",""coordinates"":[]}"
00000000000000000061,3951763.0,2048.0,2,025,S,550250108012,+43.0050773,-089.5196730,G5030,Block Group 2,55,010801,2022,0.641201585725806,"{""type"":""MultiPoint"",""coordinates"":[]}"
00000000000000000063,381061.0,0.0,2,025,S,550250004102,+43.0522736,-089.5104080,G5030,Block Group 2,55,000410,2022,0.4702858628328897,"{""type"":""MultiPoint"",""coordinates"":[]}"
00000000000000000064,1.1460287E7,115114.0,2,025,S,550250105032,+42.9971333,-089.2754855,G5030,Block Group 2,55,010503,2022,0.7250564540726767,"{""type"":""MultiPoint"",""coordinates"":[]}"
00000000000000000068,983879.0,0.0,2,025,S,550250005052,+43.0193838,-089.4913402,G5030,Block Group 2,55,000505,2022,0.6057560057333982,"{""type"":""MultiPoint"",""coordinates"":[]}"
00000000000000000069,550089.0,0.0,2,025,S,550250005062,+43.0221767,-089.4746827,G5030,Block Group 2,55,000506,2022,0.46562894845671965,"{""type"":""MultiPoint"",""coordinates"":[]}"
0000000000000000006b,691057.0,19502.0,2,025,S,550250104002,+43.0585595,-089.3443990,G5030,Block Group 2,55,010400,2022,0.6667040980932463,"{""type"":""MultiPoint"",""coordinates"":[]}"
0000000000000000006f,402981.0,13240.0,2,025,S,550250015012,+43.0496168,-089.3442163,G5030,Block Group 2,55,001501,2022,0.5406576637923715,"{""type"":""MultiPoint"",""coordinates"":[]}"
00000000000000000071,349726.0,0.0,2,025,S,550250103002,+43.0657379,-089.3288758,G5030,Block Group 2,55,010300,2022,0.5583389270529479,"{""type"":""MultiPoint"",""coordinates"":[]}"
00000000000000000073,692574.0,0.0,2,025,S,550250002052,+43.0780835,-089.5160479,G5030,Block Group 2,55,000205,2022,0.5115720071075315,"{""type"":""MultiPoint"",""coordinates"":[]}"
00000000000000000074,1035173.0,0.0,2,025,S,550250105042,+43.0123590,-089.2980338,G5030,Block Group 2,55,010504,2022,0.5580405932182156,"{""type"":""MultiPoint"",""coordinates"":[]}"
00000000000000000077,3652540.0,0.0,2,025,S,550250120032,+43.0800870,-089.2119264,G5030,Block Group 2,55,012003,2022,0.6834626160151749,"{""type"":""MultiPoint"",""coordinates"":[]}"
00000000000000000079,1636148.0,0.0,2,025,S,550250114042,+43.1859703,-089.2851188,G5030,Block Group 2,55,011404,2022,0.6485803402957121,"{""type"":""MultiPoint"",""coordinates"":[]}"
0000000000000000007d,569982.0,0.0,2,025,S,550250125012,+42.9297495,-089.3810396,G5030,Block Group 2,55,012501,2022,0.5813177920263017,"{""type"":""MultiPoint"",""coordinates"":[]}"
00000000000000000082,375058.0,0.0,2,025,S,550250004092,+43.0492122,-089.5128150,G5030,Block Group 2,55,000409,2022,0.5822147990202019,"{""type"":""MultiPoint"",""coordinates"":[]}"
00000000000000000086,2592318.0,0.0,2,025,S,550250109062,+43.0783786,-089.5565213,G5030,Block Group 2,55,010906,2022,0.621173583762024,"{""type"":""MultiPoint"",""coordinates"":[]}"
0000000000000000008d,828319.0,0.0,2,025,S,550250031002,+43.0783468,-089.2862574,G5030,Block Group 2,55,003100,2022,0.6731203229115663,"{""type"":""MultiPoint"",""coordinates"":[]}"
0000000000000000008e,3276031.0,0.0,2,025,S,550250115042,+43.1794702,-089.2543171,G5030,Block Group 2,55,011504,2022,0.5534428687896896,"{""type"":""MultiPoint"",""coordinates"":[]}"
00000000000000000095,1345420.0,0.0,2,025,S,550250004082,+43.0492763,-089.4917942,G5030,Block Group 2,55,000408,2022,0.43667438487589905,"{""type"":""MultiPoint"",""coordinates"":[]}"
00000000000000000097,5668787.0,4688.0,2,025,S,550250105012,+43.0328420,-089.3012139,G5030,Block Group 2,55,010501,2022,0.570663691701707,"{""type"":""MultiPoint"",""coordinates"":[]}"
0000000000000000009b,6.2338114E7,215625.0,2,025,S,550250126002,+42.9195444,-089.5750060,G5030,Block Group 2,55,012600,2022,0.7916292001042057,"{""type"":""MultiPoint"",""coordinates"":[]}"
0000000000000000009c,8.4411169E7,40005.0,2,025,S,550250127002,+42.9741159,-089.6684386,G5030,Block Group 2,55,012700,2022,0.7866955928388734,"{""type"":""MultiPoint"",""coordinates"":[]}"
0000000000000000009d,5.4175785E7,431711.0,2,025,S,550250119002,+43.0744829,-089.0482512,G5030,Block Group 2,55,011900,2022,0.7942930901897091,"{""type"":""MultiPoint"",""coordinates"":[]}"
000000000000000000a1,1034279.0,0.0,2,025,S,550250001002,+43.0787549,-089.4711692,G5030,Block Group 2,55,000100,2022,0.590222536795883,"{""type"":""MultiPoint"",""coordinates"":[]}"
000000000000000000a4,4.1822107E7,200443.0,2,025,S,550250131002,+43.2241304,-089.7691056,G5030,Block Group 2,55,013100,2022,0.7815489761542987,"{""type"":""MultiPoint"",""coordinates"":[]}"
000000000000000000ac,9.8669449E7,585192.0,2,025,S,550250129002,+43.1797070,-089.6608750,G5030,Block Group 2,55,012900,2022,0.8002844721013123,"{""type"":""MultiPoint"",""coordinates"":[]}"
000000000000000000ad,7.0469002E7,0.0,2,025,S,550250117002,+43.1429364,-089.1814634,G5030,Block Group 2,55,011700,2022,0.8071719973345068,"{""type"":""MultiPoint"",""coordinates"":[]}"
000000000000000000b8,610252.0,0.0,2,025,S,550250004012,+43.0539636,-089.4534519,G5030,Block Group 2,55,000401,2022,0.6514900937071909,"{""type"":""MultiPoint"",""coordinates"":[]}"
000000000000000000bb,373021.0,0.0,2,025,S,550250014012,+43.0366111,-089.4001153,G5030,Block Group 2,55,001401,2022,0.40554263314821837,"{""type"":""MultiPoint"",""coordinates"":[]}"
000000000000000000bd,611334.0,0.0,2,025,S,550250014022,+43.0303610,-089.4248669,G5030,Block Group 2,55,001402,2022,0.6158952433653014,"{""type"":""MultiPoint"",""coordinates"":[]}"
000000000000000000c2,131370.0,0.0,2,025,S,550250018022,+43.0834615,-089.3795833,G5030,Block Group 2,55,001802,2022,0.5606014261016358,"{""type"":""MultiPoint"",""coordinates"":[]}"
000000000000000000c4,796714.0,28574.0,2,025,S,550250020002,+43.0955497,-089.3346289,G5030,Block Group 2,55,002000,2022,0.5412139660187286,"{""type"":""MultiPoint"",""coordinates"":[]}"
000000000000000000c8,368173.0,0.0,2,025,S,550250021002,+43.1045864,-089.3466934,G5030,Block Group 2,55,002100,2022,0.5448304094878389,"{""type"":""MultiPoint"",""coordinates"":[]}"
000000000000000000ca,634188.0,0.0,2,025,S,550250022002,+43.1180864,-089.3592949,G5030,Block Group 2,55,002200,2022,0.591124851142858,"{""type"":""MultiPoint"",""coordinates"":[]}"
000000000000000000cc,1513748.0,134823.0,2,025,S,550250023012,+43.1287439,-089.3706378,G5030,Block Group 2,55,002301,2022,0.6819997186004334,"{""type"":""MultiPoint"",""coordinates"":[]}"
000000000000000000ce,557564.0,0.0,2,025,S,550250024012,+43.1438129,-089.3881112,G5030,Block Group 2,55,002401,2022,0.6424440003093325,"{""type"":""MultiPoint"",""coordinates"":[]}"
000000000000000000d1,727526.0,0.0,2,025,S,550250026012,+43.1086705,-089.3271230,G5030,Block Group 2,55,002601,2022,0.4301211937690091,"{""type"":""MultiPoint"",""coordinates"":[]}"
000000000000000000d3,823850.0,0.0,2,025,S,550250030012,+43.0881596,-089.2912099,G5030,Block Group 2,55,003001,2022,0.6872294138490193,"{""type"":""MultiPoint"",""coordinates"":[]}"
000000000000000000d7,1089703.0,0.0,2,025,S,550250030022,+43.1025591,-089.3091381,G5030,Block Group 2,55,003002,2022,0.619996977682588,"{""type"":""MultiPoint"",""coordinates"":[]}"
000000000000000000d9,949180.0,0.0,2,025,S,550250115052,+43.1822722,-089.2351265,G5030,Block Group 2,55,011505,2022,0.51204373166975,"{""type"":""MultiPoint"",""coordinates"":[]}"
000000000000000000df,3.6764379E7,5199988.0,2,025,S,550250120022,+42.9863104,-089.1954044,G5030,Block Group 2,55,012002,2022,0.7859909566358533,"{""type"":""MultiPoint"",""coordinates"":[]}"
000000000000000000e0,4.0129059E7,229180.0,2,025,S,550250121002,+42.8837353,-089.0882477,G5030,Block Group 2,55,012100,2022,0.7946704744451268,"{""type"":""MultiPoint"",""coordinates"":[]}"
000000000000000000e2,693975.0,0.0,2,025,S,550250122022,+42.9281246,-089.2270431,G5030,Block Group 2,55,012202,2022,0.6450236191577776,"{""type"":""MultiPoint"",""coordinates"":[]}"
000000000000000000e5,1349267.0,51860.0,2,025,S,550250123002,+42.9099870,-089.2239726,G5030,Block Group 2,55,012300,2022,0.632300244418048,"{""type"":""MultiPoint"",""coordinates"":[]}"
000000000000000000e9,9698986.0,25085.0,2,025,S,550250128002,+43.0256070,-089.7474542,G5030,Block Group 2,55,012800,2022,0.7622100199869734,"{""type"":""MultiPoint"",""coordinates"":[]}"
000000000000000000ef,1174438.0,0.0,2,025,S,550250111012,+43.1001281,-089.5038773,G5030,Block Group 2,55,011101,2022,0.5608876613876762,"{""type"":""MultiPoint"",""coordinates"":[]}"
000000000000000000f3,3830199.0,0.0,2,025,S,550250133012,+43.2356950,-089.3326200,G5030,Block Group 2,55,013301,2022,0.6739231438692576,"{""type"":""MultiPoint"",""coordinates"":[]}"
000000000000000000f6,1113306.0,0.0,2,025,S,550250002042,+43.0687061,-089.5133230,G5030,Block Group 2,55,000204,2022,0.6308259473087787,"{""type"":""MultiPoint"",""coordinates"":[]}"
000000000000000000f8,587404.0,0.0,2,025,S,550250005042,+43.0187541,-089.5036543,G5030,Block Group 2,55,000504,2022,0.6011859432750296,"{""type"":""MultiPoint"",""coordinates"":[]}"
000000000000000000fc,470273.0,3186.0,2,025,S,550250011022,+43.0760008,-089.4187202,G5030,Block Group 2,55,001102,2022,0.37582517140533045,"{""type"":""MultiPoint"",""coordinates"":[]}"
000000000000000000fd,64026.0,0.0,2,025,S,550250016032,+43.0740520,-089.3952724,G5030,Block Group 2,55,001603,2022,0.2524237913994751,"{""type"":""MultiPoint"",""coordinates"":[]}"
000000000000000000fe,225313.0,0.0,2,025,S,550250016052,+43.0668322,-089.3892351,G5030,Block Group 2,55,001605,2022,0.42376637918528887,"{""type"":""MultiPoint"",""coordinates"":[]}"
00000000000000000102,46792.0,0.0,2,025,S,550250017042,+43.0727365,-089.3889925,G5030,Block Group 2,55,001704,2022,0.28898573873165057,"{""type"":""MultiPoint"",""coordinates"":[]}"
00000000000000000103,153669.0,0.0,2,025,S,550250016062,+43.0702619,-089.3928013,G5030,Block Group 2,55,001606,2022,0.31205998884370956,"{""type"":""MultiPoint"",""coordinates"":[]}"
00000000000000000104,2349868.0,1451.0,2,025,S,550250025002,+43.1160380,-089.3470478,G5030,Block Group 2,55,002500,2022,0.6916385134067312,"{""type"":""MultiPoint"",""coordinates"":[]}"
00000000000000000105,3361844.0,0.0,2,025,S,550250026032,+43.1228849,-089.3042330,G5030,Block Group 2,55,002603,2022,0.44678780121759304,"{""type"":""MultiPoint"",""coordinates"":[]}"
00000000000000000107,1.1707088E7,40591.0,2,025,S,550250125022,+42.9196255,-089.4106717,G5030,Block Group 2,55,012502,2022,0.758101911329315,"{""type"":""MultiPoint"",""coordinates"":[]}"
0000000000000000010d,1274980.0,0.0,2,025,S,550250101002,+43.0791327,-089.4529845,G5030,Block Group 2,55,010100,2022,0.6796677348242582,"{""type"":""MultiPoint"",""coordinates"":[]}"
00000000000000000111,1.0621948E7,29250.0,2,025,S,550250106002,+42.9788591,-089.3430204,G5030,Block Group 2,55,010600,2022,0.771281979056308,"{""type"":""MultiPoint"",""coordinates"":[]}"
00000000000000000118,1337392.0,19326.0,2,025,S,550250107012,+43.0103989,-089.4328890,G5030,Block Group 2,55,010701,2022,0.6206776987394271,"{""type"":""MultiPoint"",""coordinates"":[]}"
0000000000000000011b,1344440.0,196634.0,2,025,S,550250110002,+43.0894781,-089.5126424,G5030,Block Group 2,55,011000,2022,0.6015968016537959,"{""type"":""MultiPoint"",""coordinates"":[]}"
0000000000000000011d,4692592.0,3710.0,2,025,S,550250113022,+43.1845202,-089.4313240,G5030,Block Group 2,55,011302,2022,0.6277782768138328,"{""type"":""MultiPoint"",""coordinates"":[]}"
00000000000000000120,3118664.0,13533.0,2,025,S,550250133022,+43.2353541,-089.3555251,G5030,Block Group 2,55,013302,2022,0.6889265578753421,"{""type"":""MultiPoint"",""coordinates"":[]}"
00000000000000000125,919493.0,0.0,2,025,S,550250024022,+43.1370265,-089.3692845,G5030,Block Group 2,55,002402,2022,0.6864064752880471,"{""type"":""MultiPoint"",""coordinates"":[]}"
00000000000000000126,785270.0,0.0,2,025,S,550250028002,+43.0735406,-089.3203089,G5030,Block Group 2,55,002800,2022,0.6220818010410234,"{""type"":""MultiPoint"",""coordinates"":[]}"
00000000000000000129,1.4164856E7,9958.0,2,025,S,550250130002,+43.1068264,-089.6176012,G5030,Block Group 2,55,013000,2022,0.7750725080196643,"{""type"":""MultiPoint"",""coordinates"":[]}"
0000000000000000012e,6698093.0,1221551.0,2,025,S,550250015022,+43.0380225,-089.3454494,G5030,Block Group 2,55,001502,2022,0.634609271996798,"{""type"":""MultiPoint"",""coordinates"":[]}"
00000000000000000131,543399.0,0.0,2,025,S,550250029002,+43.0603106,-089.3177545,G5030,Block Group 2,55,002900,2022,0.611677002749569,"{""type"":""MultiPoint"",""coordinates"":[]}"
00000000000000000132,408699.0,0.0,2,025,S,550250013002,+43.0532986,-089.3987517,G5030,Block Group 2,55,001300,2022,0.40225924138969793,"{""type"":""MultiPoint"",""coordinates"":[]}"
00000000000000000134,1807260.0,0.0,2,025,S,550250115062,+43.1728798,-089.2347153,G5030,Block Group 2,55,011506,2022,0.6247373349076402,"{""type"":""MultiPoint"",""coordinates"":[]}"
00000000000000000135,8.016667E7,1518796.0,2,025,S,550250124002,+42.8864072,-089.3011756,G5030,Block Group 2,55,012400,2022,0.7977156072526502,"{""type"":""MultiPoint"",""coordinates"":[]}"
0000000000000000013b,970843.0,0.0,2,025,S,550250027002,+43.0879752,-089.3235181,G5030,Block Group 2,55,002700,2022,0.5747751547762234,"{""type"":""MultiPoint"",""coordinates"":[]}"
00000000000000000140,771818.0,0.0,2,025,S,550250002012,+43.0671275,-089.4814521,G5030,Block Group 2,55,000201,2022,0.6105832102892128,"{""type"":""MultiPoint"",""coordinates"":[]}"
00000000000000000141,1057847.0,0.0,2,025,S,550250002022,+43.0642968,-089.4944574,G5030,Block Group 2,55,000202,2022,0.589408457103851,"{""type"":""MultiPoint"",""coordinates"":[]}"
00000000000000000146,1718813.0,74173.0,2,025,S,550250004022,+43.0484377,-089.4659212,G5030,Block Group 2,55,000402,2022,0.6547952121667576,"{""type"":""MultiPoint"",""coordinates"":[]}"
00000000000000000147,701384.0,13351.0,2,025,S,550250004072,+43.0403961,-089.4996259,G5030,Block Group 2,55,000407,2022,0.61626670860524,"{""type"":""MultiPoint"",""coordinates"":[]}"
0000000000000000014b,622941.0,0.0,2,025,S,550250005012,+43.0285440,-089.4687761,G5030,Block Group 2,55,000501,2022,0.6056734117292782,"{""type"":""MultiPoint"",""coordinates"":[]}"
00000000000000000150,220198.0,0.0,2,025,S,550250006002,+43.0278191,-089.4596177,G5030,Block Group 2,55,000600,2022,0.4927107843830502,"{""type"":""MultiPoint"",""coordinates"":[]}"
00000000000000000153,719112.0,0.0,2,025,S,550250007002,+43.0420122,-089.4519397,G5030,Block Group 2,55,000700,2022,0.6296209593954567,"{""type"":""MultiPoint"",""coordinates"":[]}"
00000000000000000156,942578.0,0.0,2,025,S,550250008002,+43.0656395,-089.4416032,G5030,Block Group 2,55,000800,2022,0.7012803570515709,"{""type"":""MultiPoint"",""coordinates"":[]}"
00000000000000000157,272332.0,0.0,2,025,S,550250009012,+43.0642166,-089.4208233,G5030,Block Group 2,55,000901,2022,0.5846676528559664,"{""type"":""MultiPoint"",""coordinates"":[]}"
0000000000000000015b,308223.0,0.0,2,025,S,550250009022,+43.0703144,-089.4202487,G5030,Block Group 2,55,000902,2022,0.6241840454067534,"{""type"":""MultiPoint"",""coordinates"":[]}"
0000000000000000015d,361272.0,0.0,2,025,S,550250010002,+43.0546588,-089.4351709,G5030,Block Group 2,55,001000,2022,0.6374527141681574,"{""type"":""MultiPoint"",""coordinates"":[]}"
0000000000000000015f,577454.0,44071.0,2,025,S,550250012002,+43.0597531,-089.4085206,G5030,Block Group 2,55,001200,2022,0.5598138163344614,"{""type"":""MultiPoint"",""coordinates"":[]}"
00000000000000000004,2600387.0,3046.0,3,025,S,550250111043,+43.1263949,-089.4865309,G5030,Block Group 3,55,011104,2022,0.7637803252670591,"{""type"":""MultiPoint"",""coordinates"":[]}"
00000000000000000006,413232.0,9335.0,3,025,S,550250111033,+43.1151837,-089.4686589,G5030,Block Group 3,55,011103,2022,0.5624132373946787,"{""type"":""MultiPoint"",""coordinates"":[]}"
00000000000000000007,1680658.0,0.0,3,025,S,550250026033,+43.1131256,-089.2918766,G5030,Block Group 3,55,002603,2022,0.6151165791357557,"{""type"":""MultiPoint"",""coordinates"":[]}"
00000000000000000008,471554.0,9888.0,3,025,S,550250019013,+43.0861258,-089.3632634,G5030,Block Group 3,55,001901,2022,0.37600203922446757,"{""type"":""MultiPoint"",""coordinates"":[]}"
0000000000000000000c,1.1887319E7,631325.0,3,025,S,550250118003,+43.1656152,-089.1017704,G5030,Block Group 3,55,011800,2022,0.7801741037188745,"{""type"":""MultiPoint"",""coordinates"":[]}"
0000000000000000000e,176437.0,0.0,3,025,S,550250017043,+43.0746128,-089.3866153,G5030,Block Group 3,55,001704,2022,0.3264228792462054,"{""type"":""MultiPoint"",""coordinates"":[]}"
00000000000000000011,67849.0,0.0,3,025,S,550250017063,+43.0768557,-089.3846265,G5030,Block Group 3,55,001706,2022,0.2561237406101947,"{""type"":""MultiPoint"",""coordinates"":[]}"
00000000000000000016,137010.0,0.0,3,025,S,550250018023,+43.0808447,-089.3783125,G5030,Block Group 3,55,001802,2022,0.3115216186170961,"{""type"":""MultiPoint"",""coordinates"":[]}"
00000000000000000019,560273.0,0.0,3,025,S,550250103003,+43.0730303,-089.3288407,G5030,Block Group 3,55,010300,2022,0.6122494946534619,"{""type"":""MultiPoint"",""coordinates"":[]}"
0000000000000000001d,50336.0,0.0,3,025,S,550250016063,+43.0714811,-089.3983510,G5030,Block Group 3,55,001606,2022,0.3254706608719609,"{""type"":""MultiPoint"",""coordinates"":[]}"
00000000000000000024,5.21303E7,209674.0,3,025,S,550250132023,+43.2457042,-089.2815176,G5030,Block Group 3,55,013202,2022,0.7949175706416174,"{""type"":""MultiPoint"",""coordinates"":[]}"
00000000000000000026,2589485.0,9059.0,3,025,S,550250137003,+42.9850866,-089.5218507,G5030,Block Group 3,55,013700,2022,0.6364027717052613,"{""type"":""MultiPoint"",""coordinates"":[]}"
00000000000000000037,288189.0,7861.0,3,025,S,550250018043,+43.0891282,-089.3668853,G5030,Block Group 3,55,001804,2022,0.46342681511033107,"{""type"":""MultiPoint"",""coordinates"":[]}"
0000000000000000003a,584995.0,0.0,3,025,S,550250111013,+43.0917780,-089.4871373,G5030,Block Group 3,55,011101,2022,0.5469395296181765,"{""type"":""MultiPoint"",""coordinates"":[]}"
0000000000000000003b,38807.0,0.0,3,025,S,550250016033,+43.0738068,-089.3923233,G5030,Block Group 3,55,001603,2022,0.2391025103964818,"{""type"":""MultiPoint"",""coordinates"":[]}"
0000000000000000003e,291267.0,0.0,3,025,S,550250014043,+43.0190907,-089.4224792,G5030,Block Group 3,55,001404,2022,0.4709841199243863,"{""type"":""MultiPoint"",""coordinates"":[]}"
00000000000000000046,2571053.0,7749.0,3,025,S,550250109053,+43.0497754,-089.5646017,G5030,Block Group 3,55,010905,2022,0.5775528675346984,"{""type"":""MultiPoint"",""coordinates"":[]}"
0000000000000000004c,1.5085931E7,97942.0,3,025,S,550250114053,+43.1193768,-089.2599915,G5030,Block Group 3,55,011405,2022,0.7483544483527245,"{""type"":""MultiPoint"",""coordinates"":[]}"
00000000000000000050,632301.0,0.0,3,025,S,550250133023,+43.2474093,-089.3628537,G5030,Block Group 3,55,013302,2022,0.6480546068481446,"{""type"":""MultiPoint"",""coordinates"":[]}"
00000000000000000057,7792245.0,0.0,3,025,S,550250113013,+43.2070779,-089.4653005,G5030,Block Group 3,55,011301,2022,0.7275753459782415,"{""type"":""MultiPoint"",""coordinates"":[]}"
0000000000000000005d,2.5503608E7,896052.0,3,025,S,550250120023,+42.9560762,-089.1886313,G5030,Block Group 3,55,012002,2022,0.786844889047494,"{""type"":""MultiPoint"",""coordinates"":[]}"
0000000000000000005f,5234214.0,35585.0,3,025,S,550250109033,+43.0233213,-089.5425559,G5030,Block Group 3,55,010903,2022,0.7541054057602717,"{""type"":""MultiPoint"",""coordinates"":[]}"
00000000000000000065,2136508.0,44987.0,3,025,S,550250004093,+43.0373694,-089.5099888,G5030,Block Group 3,55,000409,2022,0.6841061039733606,"{""type"":""MultiPoint"",""coordinates"":[]}"
00000000000000000072,149057.0,0.0,3,025,S,550250011013,+43.0716756,-089.4033064,G5030,Block Group 3,55,001101,2022,0.30185304169750893,"{""type"":""MultiPoint"",""coordinates"":[]}"
00000000000000000078,2297930.0,0.0,3,025,S,550250120033,+43.0967431,-089.2068433,G5030,Block Group 3,55,012003,2022,0.6361455508822487,"{""type"":""MultiPoint"",""coordinates"":[]}"
0000000000000000007b,2657921.0,0.0,3,025,S,550250114043,+43.1863999,-089.2727808,G5030,Block Group 3,55,011404,2022,0.6114911422054045,"{""type"":""MultiPoint"",""coordinates"":[]}"
0000000000000000007e,1.1510831E7,103122.0,3,025,S,550250112023,+43.1563225,-089.4523972,G5030,Block Group 3,55,011202,2022,0.7264104350115793,"{""type"":""MultiPoint"",""coordinates"":[]}"
00000000000000000080,307530.0,0.0,3,025,S,550250026023,+43.1383979,-089.3100970,G5030,Block Group 3,55,002602,2022,0.6580653285105339,"{""type"":""MultiPoint"",""coordinates"":[]}"
00000000000000000085,241729.0,0.0,3,025,S,550250003013,+43.0711186,-089.4660125,G5030,Block Group 3,55,000301,2022,0.5660744348840254,"{""type"":""MultiPoint"",""coordinates"":[]}"
00000000000000000088,633242.0,0.0,3,025,S,550250002053,+43.0860610,-089.4974785,G5030,Block Group 3,55,000205,2022,0.6016507554826602,"{""type"":""MultiPoint"",""coordinates"":[]}"
0000000000000000008a,44522.0,0.0,3,025,S,550250016043,+43.0781265,-089.3917359,G5030,Block Group 3,55,001604,2022,0.38319250529997334,"{""type"":""MultiPoint"",""coordinates"":[]}"
0000000000000000008c,600708.0,0.0,3,025,S,550250108013,+43.0129936,-089.5071531,G5030,Block Group 3,55,010801,2022,0.5579655536116578,"{""type"":""MultiPoint"",""coordinates"":[]}"
00000000000000000094,1637771.0,0.0,3,025,S,550250005043,+43.0267928,-089.5245975,G5030,Block Group 3,55,000504,2022,0.682043169223158,"{""type"":""MultiPoint"",""coordinates"":[]}"
000000000000000000a8,481330.0,0.0,3,025,S,550250021003,+43.1022516,-089.3532831,G5030,Block Group 3,55,002100,2022,0.5826377128437645,"{""type"":""MultiPoint"",""coordinates"":[]}"
000000000000000000a9,555596.0,0.0,3,025,S,550250008003,+43.0685284,-089.4489850,G5030,Block Group 3,55,000800,2022,0.6453351894789103,"{""type"":""MultiPoint"",""coordinates"":[]}"
000000000000000000aa,580710.0,0.0,3,025,S,550250030013,+43.0878462,-089.3011878,G5030,Block Group 3,55,003001,2022,0.6238132821751471,"{""type"":""MultiPoint"",""coordinates"":[]}"
000000000000000000af,4.4587476E7,1919844.0,3,025,S,550250121003,+42.8936350,-089.0442344,G5030,Block Group 3,55,012100,2022,0.7864379648093445,"{""type"":""MultiPoint"",""coordinates"":[]}"
000000000000000000b6,583457.0,0.0,3,025,S,550250115053,+43.1854537,-089.2202412,G5030,Block Group 3,55,011505,2022,0.5781567616461134,"{""type"":""MultiPoint"",""coordinates"":[]}"
000000000000000000bc,901006.0,7983.0,3,025,S,550250014013,+43.0435985,-089.3990727,G5030,Block Group 3,55,001401,2022,0.48702430621392895,"{""type"":""MultiPoint"",""coordinates"":[]}"
000000000000000000be,791499.0,0.0,3,025,S,550250014023,+43.0306309,-089.4151312,G5030,Block Group 3,55,001402,2022,0.4666703248091408,"{""type"":""MultiPoint"",""coordinates"":[]}"
000000000000000000c1,1323986.0,0.0,3,025,S,550250015023,+43.0292562,-089.3611354,G5030,Block Group 3,55,001502,2022,0.7335138859654605,"{""type"":""MultiPoint"",""coordinates"":[]}"
000000000000000000c5,506053.0,3251.0,3,025,S,550250020003,+43.0919109,-089.3443743,G5030,Block Group 3,55,002000,2022,0.5714398291278607,"{""type"":""MultiPoint"",""coordinates"":[]}"
000000000000000000cf,664749.0,0.0,3,025,S,550250024013,+43.1447266,-089.3685267,G5030,Block Group 3,55,002401,2022,0.6401216404733102,"{""type"":""MultiPoint"",""coordinates"":[]}"
000000000000000000db,976045.0,0.0,3,025,S,550250115063,+43.1785797,-089.2209242,G5030,Block Group 3,55,011506,2022,0.47287262714474776,"{""type"":""MultiPoint"",""coordinates"":[]}"
000000000000000000dd,742848.0,22461.0,3,025,S,550250116003,+43.1868093,-089.2011770,G5030,Block Group 3,55,011600,2022,0.6149080388272458,"{""type"":""MultiPoint"",""coordinates"":[]}"
000000000000000000e3,429780.0,0.0,3,025,S,550250122023,+42.9201094,-089.2269963,G5030,Block Group 3,55,012202,2022,0.579212064341678,"{""type"":""MultiPoint"",""coordinates"":[]}"
000000000000000000e6,6642420.0,290618.0,3,025,S,550250123003,+42.8928146,-089.1980243,G5030,Block Group 3,55,012300,2022,0.7741302125303667,"{""type"":""MultiPoint"",""coordinates"":[]}"
000000000000000000e8,3643932.0,17777.0,3,025,S,550250125013,+42.9037051,-089.3595466,G5030,Block Group 3,55,012501,2022,0.7510916445796652,"{""type"":""MultiPoint"",""coordinates"":[]}"
000000000000000000ea,573831.0,0.0,3,025,S,550250128003,+43.0050085,-089.7341398,G5030,Block Group 3,55,012800,2022,0.5397693983710266,"{""type"":""MultiPoint"",""coordinates"":[]}"
000000000000000000eb,3.0736255E7,28634.0,3,025,S,550250131003,+43.1470023,-089.7974431,G5030,Block Group 3,55,013100,2022,0.7777203813955833,"{""type"":""MultiPoint"",""coordinates"":[]}"
00000000000000000109,7443964.0,35793.0,3,025,S,550250031003,+43.0603835,-089.2923385,G5030,Block Group 3,55,003100,2022,0.5650036519161753,"{""type"":""MultiPoint"",""coordinates"":[]}"
00000000000000000110,618836.0,21598.0,3,025,S,550250104003,+43.0514701,-089.3320190,G5030,Block Group 3,55,010400,2022,0.6096155810374899,"{""type"":""MultiPoint"",""coordinates"":[]}"
00000000000000000113,7.0760665E7,148975.0,3,025,S,550250119003,+42.9794931,-089.0850929,G5030,Block Group 3,55,011900,2022,0.8064758692073789,"{""type"":""MultiPoint"",""coordinates"":[]}"
00000000000000000116,1.0777004E7,18585.0,3,025,S,550250106003,+42.9735807,-089.3131992,G5030,Block Group 3,55,010600,2022,0.8036126461745252,"{""type"":""MultiPoint"",""coordinates"":[]}"
00000000000000000119,6398966.0,0.0,3,025,S,550250107013,+42.9902159,-089.4448718,G5030,Block Group 3,55,010701,2022,0.7775103603589466,"{""type"":""MultiPoint"",""coordinates"":[]}"
0000000000000000011a,626826.0,0.0,3,025,S,550250107023,+43.0107483,-089.4957662,G5030,Block Group 3,55,010702,2022,0.5369455723184607,"{""type"":""MultiPoint"",""coordinates"":[]}"
0000000000000000011f,2647929.0,0.0,3,025,S,550250125023,+42.9275496,-089.3922639,G5030,Block Group 3,55,012502,2022,0.6349407845744426,"{""type"":""MultiPoint"",""coordinates"":[]}"
00000000000000000121,694436.0,0.0,3,025,S,550250002043,+43.0656448,-089.5191156,G5030,Block Group 3,55,000204,2022,0.5213115982412397,"{""type"":""MultiPoint"",""coordinates"":[]}"
00000000000000000128,1562167.0,0.0,3,025,S,550250029003,+43.0532231,-089.3170091,G5030,Block Group 3,55,002900,2022,0.6138280134992776,"{""type"":""MultiPoint"",""coordinates"":[]}"
0000000000000000012a,7.8401626E7,426805.0,3,025,S,550250129003,+43.0715687,-089.6635491,G5030,Block Group 3,55,012900,2022,0.8002953172186716,"{""type"":""MultiPoint"",""coordinates"":[]}"
0000000000000000012d,726195.0,0.0,3,025,S,550250022003,+43.1204991,-089.3669466,G5030,Block Group 3,55,002200,2022,0.6367273634078856,"{""type"":""MultiPoint"",""coordinates"":[]}"
00000000000000000133,4.2305519E7,889008.0,3,025,S,550250126003,+42.8975771,-089.5143016,G5030,Block Group 3,55,012600,2022,0.7768192586823712,"{""type"":""MultiPoint"",""coordinates"":[]}"
00000000000000000136,411001.0,0.0,3,025,S,550250113023,+43.1885453,-089.4585557,G5030,Block Group 3,55,011302,2022,0.5311664387345391,"{""type"":""MultiPoint"",""coordinates"":[]}"
0000000000000000013c,1451582.0,42230.0,3,025,S,550250027003,+43.1027174,-089.3217389,G5030,Block Group 3,55,002700,2022,0.6144776572044782,"{""type"":""MultiPoint"",""coordinates"":[]}"
00000000000000000148,1137388.0,0.0,3,025,S,550250004073,+43.0429871,-089.4844974,G5030,Block Group 3,55,000407,2022,0.6662581347821214,"{""type"":""MultiPoint"",""coordinates"":[]}"
0000000000000000014c,461298.0,0.0,3,025,S,550250005013,+43.0292569,-089.4778641,G5030,Block Group 3,55,000501,2022,0.6337516853242782,"{""type"":""MultiPoint"",""coordinates"":[]}"
00000000000000000151,833439.0,0.0,3,025,S,550250006003,+43.0334896,-089.4522566,G5030,Block Group 3,55,000600,2022,0.47243845501688025,"{""type"":""MultiPoint"",""coordinates"":[]}"
00000000000000000154,1148470.0,0.0,3,025,S,550250007003,+43.0407843,-089.4416821,G5030,Block Group 3,55,000700,2022,0.7033730118591225,"{""type"":""MultiPoint"",""coordinates"":[]}"
0000000000000000015a,277883.0,0.0,3,025,S,550250009023,+43.0709955,-089.4256036,G5030,Block Group 3,55,000902,2022,0.4607881886270834,"{""type"":""MultiPoint"",""coordinates"":[]}"
00000000000000000160,476880.0,0.0,3,025,S,550250012003,+43.0640186,-089.4139774,G5030,Block Group 3,55,001200,2022,0.5916694694283094,"{""type"":""MultiPoint"",""coordinates"":[]}"
00000000000000000001,926332.0,0.0,4,025,S,550250026024,+43.1407442,-089.3031046,G5030,Block Group 4,55,002602,2022,0.6104308151037068,"{""type"":""MultiPoint"",""coordinates"":[]}"
00000000000000000003,727870.0,0.0,4,025,S,550250015024,+43.0320880,-089.3752728,G5030,Block Group 4,55,001502,2022,0.6406574620338245,"{""type"":""MultiPoint"",""coordinates"":[]}"
00000000000000000009,313996.0,0.0,4,025,S,550250019014,+43.0810817,-089.3680504,G5030,Block Group 4,55,001901,2022,0.429804979337351,"{""type"":""MultiPoint"",""coordinates"":[]}"
0000000000000000000b,522924.0,12673.0,4,025,S,550250111014,+43.0982051,-089.4903163,G5030,Block Group 4,55,011101,2022,0.5734148310845197,"{""type"":""MultiPoint"",""coordinates"":[]}"
00000000000000000012,132323.0,0.0,4,025,S,550250017044,+43.0717271,-089.3841497,G5030,Block Group 4,55,001704,2022,0.26779185367159625,"{""type"":""MultiPoint"",""coordinates"":[]}"
0000000000000000001b,6.2297703E7,109116.0,4,025,S,550250120024,+43.0595311,-089.1760998,G5030,Block Group 4,55,012002,2022,0.7883458018090428,"{""type"":""MultiPoint"",""coordinates"":[]}"
0000000000000000001c,359113.0,0.0,4,025,S,550250011014,+43.0709457,-089.4101317,G5030,Block Group 4,55,001101,2022,0.2988465880393793,"{""type"":""MultiPoint"",""coordinates"":[]}"
00000000000000000032,6.9432362E7,240630.0,4,025,S,550250118004,+43.2282647,-089.0939743,G5030,Block Group 4,55,011800,2022,0.8116622432487646,"{""type"":""MultiPoint"",""coordinates"":[]}"
0000000000000000003c,1.0183887E7,91630.0,4,025,S,550250114044,+43.1839213,-089.3065759,G5030,Block Group 4,55,011404,2022,0.753734660196314,"{""type"":""MultiPoint"",""coordinates"":[]}"
0000000000000000003f,8165482.0,72767.0,4,025,S,550250111034,+43.1297786,-089.4516542,G5030,Block Group 4,55,011103,2022,0.7432750292101757,"{""type"":""MultiPoint"",""coordinates"":[]}"
00000000000000000047,1236875.0,0.0,4,025,S,550250005044,+43.0201914,-089.5208835,G5030,Block Group 4,55,000504,2022,0.6133344948311006,"{""type"":""MultiPoint"",""coordinates"":[]}"
00000000000000000055,1703830.0,3709.0,4,025,S,550250002054,+43.0799649,-089.4874060,G5030,Block Group 4,55,000205,2022,0.6908645654683255,"{""type"":""MultiPoint"",""coordinates"":[]}"
0000000000000000005c,3103929.0,0.0,4,025,S,550250109054,+43.0532367,-089.5403112,G5030,Block Group 4,55,010905,2022,0.6960904276144496,"{""type"":""MultiPoint"",""coordinates"":[]}"
0000000000000000006a,1578132.0,117314.0,4,025,S,550250006004,+43.0196307,-089.4624515,G5030,Block Group 4,55,000600,2022,0.5755120277870709,"{""type"":""MultiPoint"",""coordinates"":[]}"
0000000000000000006c,2310237.0,42576.0,4,025,S,550250014014,+43.0468061,-089.3795062,G5030,Block Group 4,55,001401,2022,0.5486836987563047,"{""type"":""MultiPoint"",""coordinates"":[]}"
0000000000000000007a,1.8341717E7,223939.0,4,025,S,550250125014,+42.9335468,-089.3604514,G5030,Block Group 4,55,012501,2022,0.7726678222925246,"{""type"":""MultiPoint"",""coordinates"":[]}"
00000000000000000083,6304573.0,585844.0,4,025,S,550250116004,+43.1888570,-089.1757476,G5030,Block Group 4,55,011600,2022,0.7403848780403963,"{""type"":""MultiPoint"",""coordinates"":[]}"
0000000000000000008b,1130797.0,0.0,4,025,S,550250108014,+43.0097812,-089.5161864,G5030,Block Group 4,55,010801,2022,0.6521212292738542,"{""type"":""MultiPoint"",""coordinates"":[]}"
00000000000000000099,167227.0,0.0,4,025,S,550250016064,+43.0690882,-089.3980569,G5030,Block Group 4,55,001606,2022,0.25770131482395997,"{""type"":""MultiPoint"",""coordinates"":[]}"
0000000000000000009e,418064.0,0.0,4,025,S,550250012004,+43.0648740,-089.4049028,G5030,Block Group 4,55,001200,2022,0.4684535831506715,"{""type"":""MultiPoint"",""coordinates"":[]}"
000000000000000000b1,2.543074E7,640727.0,4,025,S,550250119004,+42.9844090,-089.0288391,G5030,Block Group 4,55,011900,2022,0.7835995960633636,"{""type"":""MultiPoint"",""coordinates"":[]}"
000000000000000000b2,3.3346432E7,190204.0,4,025,S,550250131004,+43.1527244,-089.7537528,G5030,Block Group 4,55,013100,2022,0.78582213896871,"{""type"":""MultiPoint"",""coordinates"":[]}"
000000000000000000b4,7351972.0,9019961.0,4,025,S,550250106004,+42.9800409,-089.2675840,G5030,Block Group 4,55,010600,2022,0.7412408040315223,"{""type"":""MultiPoint"",""coordinates"":[]}"
000000000000000000bf,1407875.0,0.0,4,025,S,550250014024,+43.0293417,-089.4374208,G5030,Block Group 4,55,001402,2022,0.7410630198509066,"{""type"":""MultiPoint"",""coordinates"":[]}"
000000000000000000c6,697262.0,0.0,4,025,S,550250020004,+43.0988418,-089.3450640,G5030,Block Group 4,55,002000,2022,0.5306398487944655,"{""type"":""MultiPoint"",""coordinates"":[]}"
000000000000000000c9,1091384.0,0.0,4,025,S,550250021004,+43.0992339,-089.3598121,G5030,Block Group 4,55,002100,2022,0.4046066663633419,"{""type"":""MultiPoint"",""coordinates"":[]}"
000000000000000000d4,1091565.0,0.0,4,025,S,550250030014,+43.0919150,-089.3099222,G5030,Block Group 4,55,003001,2022,0.4608658118759399,"{""type"":""MultiPoint"",""coordinates"":[]}"
000000000000000000e7,4651590.0,0.0,4,025,S,550250123004,+42.9121996,-089.1902408,G5030,Block Group 4,55,012300,2022,0.6646092331638598,"{""type"":""MultiPoint"",""coordinates"":[]}"
00000000000000000101,100227.0,0.0,4,025,S,550250016044,+43.0767945,-089.3897518,G5030,Block Group 4,55,001604,2022,0.3963570416556896,"{""type"":""MultiPoint"",""coordinates"":[]}"
00000000000000000108,731617.0,0.0,4,025,S,550250122024,+42.9225651,-089.2461697,G5030,Block Group 4,55,012202,2022,0.5136186528498035,"{""type"":""MultiPoint"",""coordinates"":[]}"
0000000000000000010a,1153247.0,62313.0,4,025,S,550250031004,+43.0773576,-089.3014541,G5030,Block Group 4,55,003100,2022,0.5866637262136756,"{""type"":""MultiPoint"",""coordinates"":[]}"
0000000000000000011e,1.686624E7,173961.0,4,025,S,550250107024,+42.9672393,-089.5052679,G5030,Block Group 4,55,010702,2022,0.754269343793454,"{""type"":""MultiPoint"",""coordinates"":[]}"
0000000000000000012b,1.1091011E7,0.0,4,025,S,550250128004,+42.9898182,-089.7505593,G5030,Block Group 4,55,012800,2022,0.7378483152935866,"{""type"":""MultiPoint"",""coordinates"":[]}"
00000000000000000149,328304.0,0.0,4,025,S,550250004074,+43.0355186,-089.4861393,G5030,Block Group 4,55,000407,2022,0.652141612510969,"{""type"":""MultiPoint"",""coordinates"":[]}"
0000000000000000014d,825233.0,0.0,4,025,S,550250005014,+43.0365760,-089.4779365,G5030,Block Group 4,55,000501,2022,0.6445151440793141,"{""type"":""MultiPoint"",""coordinates"":[]}"
00000000000000000159,570465.0,0.0,4,025,S,550250009024,+43.0693871,-089.4329888,G5030,Block Group 4,55,000902,2022,0.6003276462382687,"{""type"":""MultiPoint"",""coordinates"":[]}"
00000000000000000048,814775.0,0.0,5,025,S,550250005045,+43.0233149,-089.5099434,G5030,Block Group 5,55,000504,2022,0.6458419776484402,"{""type"":""MultiPoint"",""coordinates"":[]}"
00000000000000000060,1680857.0,14537.0,5,025,S,550250107025,+43.0100745,-089.4876210,G5030,Block Group 5,55,010702,2022,0.5090092843641479,"{""type"":""MultiPoint"",""coordinates"":[]}"
00000000000000000076,963140.0,0.0,5,025,S,550250122025,+42.9226857,-089.2362940,G5030,Block Group 5,55,012202,2022,0.5720995907409355,"{""type"":""MultiPoint"",""coordinates"":[]}"
000000000000000000d5,491269.0,0.0,5,025,S,550250030015,+43.0954040,-089.3021467,G5030,Block Group 5,55,003001,2022,0.6437394979177998,"{""type"":""MultiPoint"",""coordinates"":[]}"
00000000000000000117,2.1059586E7,791592.0,5,025,S,550250106005,+42.9383527,-089.3030388,G5030,Block Group 5,55,010600,2022,0.7907842417278748,"{""type"":""MultiPoint"",""coordinates"":[]}"
