<?xml version="1.0" encoding="UTF-8"?>
<metadata xml:lang="en"><Esri><CreaDate>20221114</CreaDate><CreaTime>15270100</CreaTime><ArcGISFormat>1.0</ArcGISFormat><SyncOnce>FALSE</SyncOnce><DataProperties><itemProps><itemName Sync="TRUE">nhoods</itemName><imsContentType Sync="TRUE">002</imsContentType><itemLocation><linkage Sync="TRUE">file://\\DESKTOP-3A4E388\D$\projects\SynologyDrive\Growing_shade\data.gdb</linkage><protocol Sync="TRUE">Local Area Network</protocol></itemLocation></itemProps><coordRef><type Sync="TRUE">Projected</type><geogcsn Sync="TRUE">GCS_North_American_1983_HARN</geogcsn><csUnits Sync="TRUE">Linear Unit: Foot_US (0.304801)</csUnits><projcsn Sync="TRUE">NAD_1983_HARN_WISCRS_Dane_County_Feet</projcsn><peXml Sync="TRUE">&lt;ProjectedCoordinateSystem xsi:type='typens:ProjectedCoordinateSystem' xmlns:xsi='http://www.w3.org/2001/XMLSchema-instance' xmlns:xs='http://www.w3.org/2001/XMLSchema' xmlns:typens='http://www.esri.com/schemas/ArcGIS/10.7'&gt;&lt;WKT&gt;PROJCS[&amp;quot;NAD_1983_HARN_WISCRS_Dane_County_Feet&amp;quot;,GEOGCS[&amp;quot;GCS_North_American_1983_HARN&amp;quot;,DATUM[&amp;quot;D_North_American_1983_HARN&amp;quot;,SPHEROID[&amp;quot;GRS_1980&amp;quot;,6378137.0,298.257222101]],PRIMEM[&amp;quot;Greenwich&amp;quot;,0.0],UNIT[&amp;quot;Degree&amp;quot;,0.0174532925199433]],PROJECTION[&amp;quot;Lambert_Conformal_Conic&amp;quot;],PARAMETER[&amp;quot;False_Easting&amp;quot;,811000.0],PARAMETER[&amp;quot;False_Northing&amp;quot;,480943.886],PARAMETER[&amp;quot;Central_Meridian&amp;quot;,-89.42222222222223],PARAMETER[&amp;quot;Standard_Parallel_1&amp;quot;,43.0695160375],PARAMETER[&amp;quot;Scale_Factor&amp;quot;,1.0000384786],PARAMETER[&amp;quot;Latitude_Of_Origin&amp;quot;,43.0695160375],UNIT[&amp;quot;Foot_US&amp;quot;,0.3048006096012192],AUTHORITY[&amp;quot;EPSG&amp;quot;,8193]]&lt;/WKT&gt;&lt;XOrigin&gt;-119400400&lt;/XOrigin&gt;&lt;YOrigin&gt;-97309100&lt;/YOrigin&gt;&lt;XYScale&gt;3048.0060960121928&lt;/XYScale&gt;&lt;ZOrigin&gt;-100000&lt;/ZOrigin&gt;&lt;ZScale&gt;10000&lt;/ZScale&gt;&lt;MOrigin&gt;-100000&lt;/MOrigin&gt;&lt;MScale&gt;10000&lt;/MScale&gt;&lt;XYTolerance&gt;0.0032808333333333331&lt;/XYTolerance&gt;&lt;ZTolerance&gt;0.001&lt;/ZTolerance&gt;&lt;MTolerance&gt;0.001&lt;/MTolerance&gt;&lt;HighPrecision&gt;true&lt;/HighPrecision&gt;&lt;WKID&gt;103412&lt;/WKID&gt;&lt;LatestWKID&gt;8193&lt;/LatestWKID&gt;&lt;/ProjectedCoordinateSystem&gt;</peXml></coordRef><lineage><Process ToolSource="c:\program files (x86)\arcgis\desktop10.7\ArcToolbox\Toolboxes\Conversion Tools.tbx\FeatureClassToFeatureClass" Date="20221108" Time="083521">FeatureClassToFeatureClass D:\projects\SynologyDrive\Growing_shade\data.gdb\Madison_neighborhoods D:\projects\SynologyDrive\Growing_shade\data.gdb\topo nhoods # "OBJECTID "OBJECTID" true true false 4 Long 0 0 ,First,#,D:\projects\SynologyDrive\Growing_shade\data.gdb\Madison_neighborhoods,OBJECTID,-1,-1;NA_ID "NA_ID" true true false 4 Long 0 0 ,First,#,D:\projects\SynologyDrive\Growing_shade\data.gdb\Madison_neighborhoods,NA_ID,-1,-1;NEIGHB_NAM "NEIGHB_NAM" true true false 80 Text 0 0 ,First,#,D:\projects\SynologyDrive\Growing_shade\data.gdb\Madison_neighborhoods,NEIGHB_NAM,-1,-1;STATUS "STATUS" true true false 80 Text 0 0 ,First,#,D:\projects\SynologyDrive\Growing_shade\data.gdb\Madison_neighborhoods,STATUS,-1,-1;CLASSIFICA "CLASSIFICA" true true false 80 Text 0 0 ,First,#,D:\projects\SynologyDrive\Growing_shade\data.gdb\Madison_neighborhoods,CLASSIFICA,-1,-1;ShapeSTAre "ShapeSTAre" true true false 8 Double 0 0 ,First,#,D:\projects\SynologyDrive\Growing_shade\data.gdb\Madison_neighborhoods,ShapeSTAre,-1,-1;ShapeSTLen "ShapeSTLen" true true false 8 Double 0 0 ,First,#,D:\projects\SynologyDrive\Growing_shade\data.gdb\Madison_neighborhoods,ShapeSTLen,-1,-1;Web "Web" true true false 80 Text 0 0 ,First,#,D:\projects\SynologyDrive\Growing_shade\data.gdb\Madison_neighborhoods,Web,-1,-1;F2017_CC_Ac "F2017_CC_Ac" true true false 8 Double 0 0 ,First,#,D:\projects\SynologyDrive\Growing_shade\data.gdb\Madison_neighborhoods,F2017_CC_Ac,-1,-1;F2010_CC_ac "F2010_CC_ac" true true false 8 Double 0 0 ,First,#,D:\projects\SynologyDrive\Growing_shade\data.gdb\Madison_neighborhoods,F2010_CC_ac,-1,-1;total_ac "total_ac" true true false 8 Double 0 0 ,First,#,D:\projects\SynologyDrive\Growing_shade\data.gdb\Madison_neighborhoods,total_ac,-1,-1;pctcc2017 "pctcc2017" true true false 8 Double 0 0 ,First,#,D:\projects\SynologyDrive\Growing_shade\data.gdb\Madison_neighborhoods,pctcc2017,-1,-1;pctcc2010 "pctcc2010" true true false 8 Double 0 0 ,First,#,D:\projects\SynologyDrive\Growing_shade\data.gdb\Madison_neighborhoods,pctcc2010,-1,-1;Chng "Chng" true true false 8 Double 0 0 ,First,#,D:\projects\SynologyDrive\Growing_shade\data.gdb\Madison_neighborhoods,Chng,-1,-1;Shape_Length "Shape_Length" false true true 8 Double 0 0 ,First,#,D:\projects\SynologyDrive\Growing_shade\data.gdb\Madison_neighborhoods,Shape_Length,-1,-1;Shape_Area "Shape_Area" false true true 8 Double 0 0 ,First,#,D:\projects\SynologyDrive\Growing_shade\data.gdb\Madison_neighborhoods,Shape_Area,-1,-1" #</Process></lineage></DataProperties><SyncDate>20221108</SyncDate><SyncTime>08352100</SyncTime><ModDate>20221108</ModDate><ModTime>08352100</ModTime></Esri><dataIdInfo><envirDesc Sync="TRUE"> Version 6.2 (Build 9200) ; Esri ArcGIS 10.7.1.11595</envirDesc><dataLang><languageCode value="eng" Sync="TRUE"></languageCode><countryCode value="USA" Sync="TRUE"></countryCode></dataLang><idCitation><resTitle Sync="TRUE">nhoods</resTitle><presForm><PresFormCd value="005" Sync="TRUE"></PresFormCd></presForm></idCitation><spatRpType><SpatRepTypCd value="001" Sync="TRUE"></SpatRepTypCd></spatRpType></dataIdInfo><mdLang><languageCode value="eng" Sync="TRUE"></languageCode><countryCode value="USA" Sync="TRUE"></countryCode></mdLang><distInfo><distFormat><formatName Sync="TRUE">File Geodatabase Feature Class</formatName></distFormat></distInfo><mdHrLv><ScopeCd value="005" Sync="TRUE"></ScopeCd></mdHrLv><mdHrLvName Sync="TRUE">dataset</mdHrLvName><refSysInfo><RefSystem><refSysID><identCode code="8193" Sync="TRUE"></identCode><idCodeSpace Sync="TRUE">EPSG</idCodeSpace><idVersion Sync="TRUE">9.1(10.7.0)</idVersion></refSysID></RefSystem></refSysInfo><spatRepInfo><VectSpatRep><geometObjs Name="nhoods"><geoObjTyp><GeoObjTypCd value="002" Sync="TRUE"></GeoObjTypCd></geoObjTyp><geoObjCnt Sync="TRUE">0</geoObjCnt></geometObjs><topLvl><TopoLevCd value="001" Sync="TRUE"></TopoLevCd></topLvl></VectSpatRep></spatRepInfo><spdoinfo><ptvctinf><esriterm Name="nhoods"><efeatyp Sync="TRUE">Simple</efeatyp><efeageom code="4" Sync="TRUE"></efeageom><esritopo Sync="TRUE">FALSE</esritopo><efeacnt Sync="TRUE">0</efeacnt><spindex Sync="TRUE">TRUE</spindex><linrefer Sync="TRUE">FALSE</linrefer></esriterm></ptvctinf></spdoinfo><eainfo><detailed Name="nhoods"><enttyp><enttypl Sync="TRUE">nhoods</enttypl><enttypt Sync="TRUE">Feature Class</enttypt><enttypc Sync="TRUE">0</enttypc></enttyp><attr><attrlabl Sync="TRUE">OBJECTID_1</attrlabl><attalias Sync="TRUE">OBJECTID_1</attalias><attrtype Sync="TRUE">OID</attrtype><attwidth Sync="TRUE">4</attwidth><atprecis Sync="TRUE">0</atprecis><attscale Sync="TRUE">0</attscale><attrdef Sync="TRUE">Internal feature number.</attrdef><attrdefs Sync="TRUE">Esri</attrdefs><attrdomv><udom Sync="TRUE">Sequential unique whole numbers that are automatically generated.</udom></attrdomv></attr><attr><attrlabl Sync="TRUE">Shape</attrlabl><attalias Sync="TRUE">Shape</attalias><attrtype Sync="TRUE">Geometry</attrtype><attwidth Sync="TRUE">0</attwidth><atprecis Sync="TRUE">0</atprecis><attscale Sync="TRUE">0</attscale><attrdef Sync="TRUE">Feature geometry.</attrdef><attrdefs Sync="TRUE">Esri</attrdefs><attrdomv><udom Sync="TRUE">Coordinates defining the features.</udom></attrdomv></attr><attr><attrlabl Sync="TRUE">OBJECTID</attrlabl><attalias Sync="TRUE">OBJECTID</attalias><attrtype Sync="TRUE">Integer</attrtype><attwidth Sync="TRUE">4</attwidth><atprecis Sync="TRUE">0</atprecis><attscale Sync="TRUE">0</attscale></attr><attr><attrlabl Sync="TRUE">NA_ID</attrlabl><attalias Sync="TRUE">NA_ID</attalias><attrtype Sync="TRUE">Integer</attrtype><attwidth Sync="TRUE">4</attwidth><atprecis Sync="TRUE">0</atprecis><attscale Sync="TRUE">0</attscale></attr><attr><attrlabl Sync="TRUE">NEIGHB_NAM</attrlabl><attalias Sync="TRUE">NEIGHB_NAM</attalias><attrtype Sync="TRUE">String</attrtype><attwidth Sync="TRUE">80</attwidth><atprecis Sync="TRUE">0</atprecis><attscale Sync="TRUE">0</attscale></attr><attr><attrlabl Sync="TRUE">STATUS</attrlabl><attalias Sync="TRUE">STATUS</attalias><attrtype Sync="TRUE">String</attrtype><attwidth Sync="TRUE">80</attwidth><atprecis Sync="TRUE">0</atprecis><attscale Sync="TRUE">0</attscale></attr><attr><attrlabl Sync="TRUE">CLASSIFICA</attrlabl><attalias Sync="TRUE">CLASSIFICA</attalias><attrtype Sync="TRUE">String</attrtype><attwidth Sync="TRUE">80</attwidth><atprecis Sync="TRUE">0</atprecis><attscale Sync="TRUE">0</attscale></attr><attr><attrlabl Sync="TRUE">ShapeSTAre</attrlabl><attalias Sync="TRUE">ShapeSTAre</attalias><attrtype Sync="TRUE">Double</attrtype><attwidth Sync="TRUE">8</attwidth><atprecis Sync="TRUE">0</atprecis><attscale Sync="TRUE">0</attscale></attr><attr><attrlabl Sync="TRUE">ShapeSTLen</attrlabl><attalias Sync="TRUE">ShapeSTLen</attalias><attrtype Sync="TRUE">Double</attrtype><attwidth Sync="TRUE">8</attwidth><atprecis Sync="TRUE">0</atprecis><attscale Sync="TRUE">0</attscale></attr><attr><attrlabl Sync="TRUE">Web</attrlabl><attalias Sync="TRUE">Web</attalias><attrtype Sync="TRUE">String</attrtype><attwidth Sync="TRUE">80</attwidth><atprecis Sync="TRUE">0</atprecis><attscale Sync="TRUE">0</attscale></attr><attr><attrlabl Sync="TRUE">F2017_CC_Ac</attrlabl><attalias Sync="TRUE">F2017_CC_Ac</attalias><attrtype Sync="TRUE">Double</attrtype><attwidth Sync="TRUE">8</attwidth><atprecis Sync="TRUE">0</atprecis><attscale Sync="TRUE">0</attscale></attr><attr><attrlabl Sync="TRUE">F2010_CC_ac</attrlabl><attalias Sync="TRUE">F2010_CC_ac</attalias><attrtype Sync="TRUE">Double</attrtype><attwidth Sync="TRUE">8</attwidth><atprecis Sync="TRUE">0</atprecis><attscale Sync="TRUE">0</attscale></attr><attr><attrlabl Sync="TRUE">total_ac</attrlabl><attalias Sync="TRUE">total_ac</attalias><attrtype Sync="TRUE">Double</attrtype><attwidth Sync="TRUE">8</attwidth><atprecis Sync="TRUE">0</atprecis><attscale Sync="TRUE">0</attscale></attr><attr><attrlabl Sync="TRUE">pctcc2017</attrlabl><attalias Sync="TRUE">pctcc2017</attalias><attrtype Sync="TRUE">Double</attrtype><attwidth Sync="TRUE">8</attwidth><atprecis Sync="TRUE">0</atprecis><attscale Sync="TRUE">0</attscale></attr><attr><attrlabl Sync="TRUE">pctcc2010</attrlabl><attalias Sync="TRUE">pctcc2010</attalias><attrtype Sync="TRUE">Double</attrtype><attwidth Sync="TRUE">8</attwidth><atprecis Sync="TRUE">0</atprecis><attscale Sync="TRUE">0</attscale></attr><attr><attrlabl Sync="TRUE">Chng</attrlabl><attalias Sync="TRUE">Chng</attalias><attrtype Sync="TRUE">Double</attrtype><attwidth Sync="TRUE">8</attwidth><atprecis Sync="TRUE">0</atprecis><attscale Sync="TRUE">0</attscale></attr><attr><attrlabl Sync="TRUE">Shape_Length</attrlabl><attalias Sync="TRUE">Shape_Length</attalias><attrtype Sync="TRUE">Double</attrtype><attwidth Sync="TRUE">8</attwidth><atprecis Sync="TRUE">0</atprecis><attscale Sync="TRUE">0</attscale><attrdef Sync="TRUE">Length of feature in internal units.</attrdef><attrdefs Sync="TRUE">Esri</attrdefs><attrdomv><udom Sync="TRUE">Positive real numbers that are automatically generated.</udom></attrdomv></attr><attr><attrlabl Sync="TRUE">Shape_Area</attrlabl><attalias Sync="TRUE">Shape_Area</attalias><attrtype Sync="TRUE">Double</attrtype><attwidth Sync="TRUE">8</attwidth><atprecis Sync="TRUE">0</atprecis><attscale Sync="TRUE">0</attscale><attrdef Sync="TRUE">Area of feature in internal units squared.</attrdef><attrdefs Sync="TRUE">Esri</attrdefs><attrdomv><udom Sync="TRUE">Positive real numbers that are automatically generated.</udom></attrdomv></attr></detailed></eainfo><mdDateSt Sync="TRUE">20221108</mdDateSt></metadata>
